Type,Date,Time,Number,Name,Service,My Account,Text,Attachment
Outgoing,8/24/2020,10:35 AM,3344625922,Nirmal [Client],iMessage,12069921606,"Hi, Maryam is currently busy with another client. I am her digital assistant. Would you mind please, in few words, tell me how she can help you so I bring it to her attention to call you back?",none
Incoming,8/24/2020,10:37 AM,3344625922,Nirmal [Client],iMessage,12069921606,Hello I am NirmaI Nimbagiri. I have requested changes to my prequalified letter. Initial letter quoted 15%down payment and I want it be changed to 5-6% downpay. Thanks ,none
Outgoing,8/24/2020,11:15 AM,3344625922,Nirmal [Client],iMessage,12069921606,Hi Nirmal . Sure I�ll look into it .,none
Incoming,8/24/2020,2:03 PM,3344625922,Nirmal [Client],iMessage,12069921606,Thank you ? ,none
Incoming,9/14/2020,10:53 AM,3344625922,Nirmal [Client],iMessage,12069921606,Hello Maryam good morning. Can you please give me quick call when you get chance ,none
Outgoing,9/14/2020,11:41 AM,3344625922,Nirmal [Client],iMessage,12069921606,"Hi Nirmal :
2.625% with .125% points
2.75% no points ",none
