App Date,Funded,Date,Purpose ,Type Loan,Product,Borrower,Borrower Email,Borrower Phone,Processor,Loan,Amount,Appraisal,Received Date
10/26/2020,,11/24/2020,Purchase,10/6 mo. A SilverKey SOFR,,"Dubey, Deepam",deepamdubey@gmail.com,(520)351-9887,CASSIDY NEZ,"$800,000.00 ",,,11/17/2020
10/23/2020,,11/23/2020,Purchase,30 F Conforming Plus,,"Ramachandran, ChenthilKumar",sa.rc.kumar@gmail.com,(860)995-4818,Amie M LACROSSE,"$730,400.00 ",,,11/12/2020
10/9/2020,,11/12/2020,Purchase,30 F Conforming,,"Kumar, Pramod",getpramodk@gmail.com,(469)407-2047,CASSIDY NEZ,"$503,500.00 ",,,11/3/2020
10/21/2020,,11/14/2020,Purchase,30 F Conforming Premium,,"LastName, FirstName",gettheemails@gmail.com,(208)900-1005,CASSIDY NEZ,"$503,500.00 ",,,
